{"cameraMode":{"drawMode":0,"name":"Shaded","section":"Shading Mode"},"sceneLighting":false,"audioPlay":false,"sceneViewState":{"showFog":true,"showMaterialUpdate":false,"showSkybox":false,"showFlares":true,"showImageEffects":true,"showParticleSystems":true},"in2DMode":false,"pivot":{"x":0.03999730944633484,"y":0.9023236036300659,"z":0.2830398678779602},"rotation":{"x":-0.47815972566604617,"y":-0.5177431702613831,"z":0.45438364148139956,"w":-0.5448427796363831},"size":4.221417427062988,"orthographic":false}