{"cameraMode":{"drawMode":0,"name":"Shaded","section":"Shading Mode"},"sceneLighting":false,"audioPlay":false,"sceneViewState":{"showFog":true,"showMaterialUpdate":false,"showSkybox":false,"showFlares":true,"showImageEffects":true,"showParticleSystems":true},"in2DMode":false,"pivot":{"x":0.2764365077018738,"y":0.5117583274841309,"z":-3.7398414611816408},"rotation":{"x":-0.22223308682441712,"y":0.7771700024604797,"z":-0.4334980845451355,"w":-0.398393839597702},"size":3.1091179847717287,"orthographic":false}